,Apps,Accept,Enroll,Top10perc,Top25perc,F.Undergrad,P.Undergrad,Outstate,Room.Board,Books,Personal,PhD,Terminal,S.F.Ratio,perc.alumni,Expend,Grad.Rate
count,776.0,776.0,776.0,776.0,776.0,776.0,776.0,776.0,776.0,776.0,776.0,776.0,776.0,776.0,776.0,776.0,776.0
mean,3000.548969072165,2016.9819587628865,780.2989690721649,27.582474226804123,55.82345360824742,3703.3737113402062,856.3853092783505,10442.030927835052,4356.904639175258,549.3157216494845,1341.7255154639174,72.72551546391753,79.74484536082474,14.089432989690719,22.74742268041237,9662.701030927836,65.39561855670104
std,3872.578375581091,2452.168020277994,929.731001429064,17.639132509189743,19.803447505155717,4852.585693398163,1523.1121958091642,4025.4319643595286,1097.266697338495,165.20182631262557,676.8339907337966,16.236896842955943,14.684882697761804,3.9608948729060596,12.39940138229162,5224.659733157399,17.084743056139686
min,81.0,72.0,35.0,1.0,9.0,139.0,1.0,2340.0,1780.0,96.0,250.0,8.0,24.0,2.5,0.0,3186.0,10.0
25%,776.0,603.25,242.0,15.0,41.0,991.0,95.0,7305.0,3595.75,469.5,865.0,62.0,71.0,11.5,13.0,6749.25,53.0
50%,1557.5,1109.5,434.0,23.0,54.0,1707.5,354.0,9990.0,4197.5,500.0,1200.0,75.0,82.0,13.6,21.0,8392.5,65.0
75%,3603.0,2407.5,902.25,35.0,69.0,4030.25,967.25,12931.25,5050.0,600.0,1700.0,85.0,92.0,16.5,31.0,10838.5,78.0
max,48094.0,26330.0,6392.0,96.0,100.0,31643.0,21836.0,21700.0,8124.0,2340.0,6800.0,103.0,100.0,39.8,64.0,56233.0,100.0
