,Apps,Accept,Enroll,Top10perc,Top25perc,F.Undergrad,P.Undergrad,Outstate,Room.Board,Books,Personal,PhD,Terminal,S.F.Ratio,perc.alumni,Expend,Grad.Rate
count,777.0,777.0,777.0,777.0,777.0,777.0,777.0,777.0,777.0,777.0,777.0,777.0,777.0,777.0,777.0,777.0,777.0
mean,3001.6383526383524,2018.8043758043757,779.972972972973,27.55855855855856,55.7966537966538,3699.907335907336,855.2985842985843,10440.66924066924,4357.526383526383,549.3809523809524,1340.6422136422136,72.66023166023166,79.70270270270271,14.089703989703986,22.743886743886744,9660.17117117117,65.46332046332046
std,3870.201484435291,2451.113970992631,929.17619013287,17.640364385452134,19.80477759513136,4850.42053088738,1522.4318872955134,4023.0164841119686,1096.696415593528,165.10536013709293,677.0714535905786,16.32815468793933,14.722358527903365,3.958349135205549,12.39180148937614,5221.7684398560905,17.17770989715541
min,81.0,72.0,35.0,1.0,9.0,139.0,1.0,2340.0,1780.0,96.0,250.0,8.0,24.0,2.5,0.0,3186.0,10.0
25%,776.0,604.0,242.0,15.0,41.0,992.0,95.0,7320.0,3597.0,470.0,850.0,62.0,71.0,11.5,13.0,6751.0,53.0
50%,1558.0,1110.0,434.0,23.0,54.0,1707.0,353.0,9990.0,4200.0,500.0,1200.0,75.0,82.0,13.6,21.0,8377.0,65.0
75%,3624.0,2424.0,902.0,35.0,69.0,4005.0,967.0,12925.0,5050.0,600.0,1700.0,85.0,92.0,16.5,31.0,10830.0,78.0
max,48094.0,26330.0,6392.0,96.0,100.0,31643.0,21836.0,21700.0,8124.0,2340.0,6800.0,103.0,100.0,39.8,64.0,56233.0,118.0
